{
  "config_general": {
    "lighteval_sha": "?",
    "num_fewshot_seeds": 1,
    "override_batch_size": 8,
    "max_samples": null,
    "job_id": 0,
    "start_time": 12652477.886580547,
    "end_time": 12655419.855737358,
    "total_evaluation_time_secondes": "2941.969156811014",
    "model_name": "smollm-135M/None",
    "model_sha": null,
    "model_dtype": null,
    "model_size": null
  },
  "results": {
    "custom|arc:challenge|0": {
      "acc_norm": 0.22098976109215018,
      "acc_norm_stderr": 0.012124929206818258
    },
    "custom|arc:easy|0": {
      "acc_norm": 0.4414983164983165,
      "acc_norm_stderr": 0.010189314382749934
    },
    "custom|hellaswag|0": {
      "acc_norm": 0.27434773949412466,
      "acc_norm_stderr": 0.004452731272840524
    },
    "custom|mmlu_pro|0": {
      "acc_norm": 0.11610704787234043,
      "acc_norm_stderr": 0.002920641578241287
    },
    "custom|openbook_qa|0": {
      "acc_norm": 0.296,
      "acc_norm_stderr": 0.020435342091896135
    },
    "custom|piqa|0": {
      "acc_norm": 0.5859630032644179,
      "acc_norm_stderr": 0.011492118481417582
    },
    "custom|winogrande|0": {
      "acc_norm": 0.48697711128650356,
      "acc_norm_stderr": 0.014047718393997663
    },
    "custom|trivia_qa|0": {
      "qem": 0.0008359340169415961,
      "qem_stderr": 0.00021575301529843036
    },
    "custom|arc:_average|0": {
      "acc_norm": 0.33124403879523334,
      "acc_norm_stderr": 0.011157121794784095
    },
    "all": {
      "acc_norm": 0.3459832827868362,
      "acc_norm_stderr": 0.010808970772565912,
      "qem": 0.0008359340169415961,
      "qem_stderr": 0.00021575301529843036
    }
  },
  "versions": {
    "custom|arc:challenge|0": 0,
    "custom|arc:easy|0": 0,
    "custom|hellaswag|0": 0,
    "custom|mmlu_pro|0": 0,
    "custom|openbook_qa|0": 0,
    "custom|piqa|0": 0,
    "custom|trivia_qa|0": 0,
    "custom|winogrande|0": 0
  },
  "config_tasks": {
    "custom|arc:challenge": {
      "name": "arc:challenge",
      "prompt_function": "arc",
      "hf_repo": "ai2_arc",
      "hf_subset": "ARC-Challenge",
      "metric": [
        {
          "metric_name": "acc_norm",
          "higher_is_better": true,
          "category": "8",
          "use_case": "1",
          "sample_level_fn": "compute",
          "corpus_level_fn": "mean"
        }
      ],
      "hf_revision": "210d026faf9955653af8916fad021475a3f00453",
      "hf_filter": null,
      "hf_avail_splits": [
        "train",
        "validation",
        "test"
      ],
      "trust_dataset": false,
      "evaluation_splits": [
        "test"
      ],
      "few_shots_split": null,
      "few_shots_select": null,
      "generation_size": null,
      "generation_grammar": null,
      "stop_sequence": null,
      "output_regex": null,
      "num_samples": null,
      "suite": [
        "custom"
      ],
      "original_num_docs": 1172,
      "effective_num_docs": 1172,
      "must_remove_duplicate_docs": false,
      "version": 0,
      "frozen": false
    },
    "custom|arc:easy": {
      "name": "arc:easy",
      "prompt_function": "arc",
      "hf_repo": "ai2_arc",
      "hf_subset": "ARC-Easy",
      "metric": [
        {
          "metric_name": "acc_norm",
          "higher_is_better": true,
          "category": "8",
          "use_case": "1",
          "sample_level_fn": "compute",
          "corpus_level_fn": "mean"
        }
      ],
      "hf_revision": "210d026faf9955653af8916fad021475a3f00453",
      "hf_filter": null,
      "hf_avail_splits": [
        "train",
        "validation",
        "test"
      ],
      "trust_dataset": false,
      "evaluation_splits": [
        "test"
      ],
      "few_shots_split": null,
      "few_shots_select": null,
      "generation_size": null,
      "generation_grammar": null,
      "stop_sequence": null,
      "output_regex": null,
      "num_samples": null,
      "suite": [
        "custom"
      ],
      "original_num_docs": 2376,
      "effective_num_docs": 2376,
      "must_remove_duplicate_docs": false,
      "version": 0,
      "frozen": false
    },
    "custom|hellaswag": {
      "name": "hellaswag",
      "prompt_function": "prompt_hellaswag",
      "hf_repo": "Rowan/hellaswag",
      "hf_subset": "default",
      "metric": [
        {
          "metric_name": "acc_norm",
          "higher_is_better": true,
          "category": "8",
          "use_case": "1",
          "sample_level_fn": "compute",
          "corpus_level_fn": "mean"
        }
      ],
      "hf_revision": "6002345709e0801764318f06bf06ce1e7d1a1fe3",
      "hf_filter": null,
      "hf_avail_splits": [
        "train",
        "validation",
        "test"
      ],
      "trust_dataset": true,
      "evaluation_splits": [
        "validation"
      ],
      "few_shots_split": null,
      "few_shots_select": null,
      "generation_size": null,
      "generation_grammar": null,
      "stop_sequence": null,
      "output_regex": null,
      "num_samples": null,
      "suite": [
        "custom"
      ],
      "original_num_docs": 10042,
      "effective_num_docs": 10042,
      "must_remove_duplicate_docs": false,
      "version": 0,
      "frozen": false
    },
    "custom|mmlu_pro": {
      "name": "mmlu_pro",
      "prompt_function": "mmlu_pro_mc_prompt",
      "hf_repo": "TIGER-Lab/MMLU-Pro",
      "hf_subset": "default",
      "metric": [
        {
          "metric_name": "acc_norm",
          "higher_is_better": true,
          "category": "8",
          "use_case": "1",
          "sample_level_fn": "compute",
          "corpus_level_fn": "mean"
        }
      ],
      "hf_revision": "3373e0b32277875b8db2aa555a333b78a08477ea",
      "hf_filter": null,
      "hf_avail_splits": [
        "train",
        "validation",
        "test"
      ],
      "trust_dataset": false,
      "evaluation_splits": [
        "test"
      ],
      "few_shots_split": "validation",
      "few_shots_select": null,
      "generation_size": null,
      "generation_grammar": null,
      "stop_sequence": null,
      "output_regex": null,
      "num_samples": null,
      "suite": [
        "custom"
      ],
      "original_num_docs": 12032,
      "effective_num_docs": 12032,
      "must_remove_duplicate_docs": false,
      "version": 0,
      "frozen": false
    },
    "custom|openbook_qa": {
      "name": "openbook_qa",
      "prompt_function": "openbookqa",
      "hf_repo": "allenai/openbookqa",
      "hf_subset": "main",
      "metric": [
        {
          "metric_name": "acc_norm",
          "higher_is_better": true,
          "category": "8",
          "use_case": "1",
          "sample_level_fn": "compute",
          "corpus_level_fn": "mean"
        }
      ],
      "hf_revision": "388097ea7776314e93a529163e0fea805b8a6454",
      "hf_filter": null,
      "hf_avail_splits": [
        "train",
        "validation",
        "test"
      ],
      "trust_dataset": false,
      "evaluation_splits": [
        "validation"
      ],
      "few_shots_split": null,
      "few_shots_select": null,
      "generation_size": null,
      "generation_grammar": null,
      "stop_sequence": null,
      "output_regex": null,
      "num_samples": null,
      "suite": [
        "custom"
      ],
      "original_num_docs": 500,
      "effective_num_docs": 500,
      "must_remove_duplicate_docs": false,
      "version": 0,
      "frozen": false
    },
    "custom|piqa": {
      "name": "piqa",
      "prompt_function": "piqa_harness",
      "hf_repo": "ybisk/piqa",
      "hf_subset": "plain_text",
      "metric": [
        {
          "metric_name": "acc_norm",
          "higher_is_better": true,
          "category": "8",
          "use_case": "1",
          "sample_level_fn": "compute",
          "corpus_level_fn": "mean"
        }
      ],
      "hf_revision": "2e8ac2dffd59bac8c3c6714948f4c551a0848bb0",
      "hf_filter": null,
      "hf_avail_splits": [
        "train",
        "validation",
        "test"
      ],
      "trust_dataset": true,