{
  "config_general": {
    "lighteval_sha": "?",
    "num_fewshot_seeds": 1,
    "override_batch_size": 48,
    "max_samples": null,
    "job_id": "",
    "start_time": 14096545.339572592,
    "end_time": 14097267.468484214,
    "total_evaluation_time_secondes": "722.1289116218686",
    "model_name": "_home_binguo_data_MLA-FT_checkpoints_v3_top4_last4_rope_18000_hf",
    "model_sha": "",
    "model_dtype": "torch.bfloat16",
    "model_size": "256.57 MB"
  },
  "results": {
    "custom|arc:challenge|0": {
      "acc_norm": 0.257679180887372,
      "acc_norm_stderr": 0.012780770562768402
    },
    "custom|arc:easy|0": {
      "acc_norm": 0.5025252525252525,
      "acc_norm_stderr": 0.010259652668783467
    },
    "custom|hellaswag|0": {
      "acc_norm": 0.31915952997410874,
      "acc_norm_stderr": 0.004651982864043497
    },
    "custom|mmlu|0": {
      "acc_norm": 0.2829369035749893,
      "acc_norm_stderr": 0.0038012327697452756
    },
    "custom|openbook_qa|0": {
      "acc_norm": 0.312,
      "acc_norm_stderr": 0.02074059653648808
    },
    "custom|piqa|0": {
      "acc_norm": 0.6414581066376496,
      "acc_norm_stderr": 0.01118921257235635
    },
    "custom|winogrande|0": {
      "acc_norm": 0.48539857932123126,
      "acc_norm_stderr": 0.014046492383275842
    },
    "custom|trivia_qa|0": {
      "qem": 0.0010031208203299152,
      "qem_stderr": 0.000236325812369373
    },
    "custom|arc:_average|0": {
      "acc_norm": 0.3801022167063123,
      "acc_norm_stderr": 0.011520211615775934
    },
    "all": {
      "acc_norm": 0.4001653647029434,
      "acc_norm_stderr": 0.011067134336780129,
      "qem": 0.0010031208203299152,
      "qem_stderr": 0.000236325812369373
    }
  },
  "versions": {
    "custom|arc:challenge|0": 0,
    "custom|arc:easy|0": 0,
    "custom|hellaswag|0": 0,
    "custom|mmlu|0": 0,
    "custom|openbook_qa|0": 0,
    "custom|piqa|0": 0,
    "custom|trivia_qa|0": 0,
    "custom|winogrande|0": 0
  },
  "config_tasks": {
    "custom|arc:challenge": {
      "name": "arc:challenge",
      "prompt_function": "arc",
      "hf_repo": "ai2_arc",
      "hf_subset": "ARC-Challenge",
      "metric": [
        {
          "metric_name": "acc_norm",
          "higher_is_better": true,
          "category": "8",
          "use_case": "1",
          "sample_level_fn": "compute",
          "corpus_level_fn": "mean"
        }
      ],
      "hf_revision": "210d026faf9955653af8916fad021475a3f00453",
      "hf_filter": null,
      "hf_avail_splits": [
        "train",
        "validation",
        "test"
      ],
      "trust_dataset": false,
      "evaluation_splits": [
        "test"
      ],
      "few_shots_split": null,
      "few_shots_select": null,
      "generation_size": null,
      "generation_grammar": null,
      "stop_sequence": null,
      "output_regex": null,
      "num_samples": null,
      "suite": [
        "custom"
      ],
      "original_num_docs": 1172,
      "effective_num_docs": 1172,
      "must_remove_duplicate_docs": false,
      "version": 0,
      "frozen": false
    },
    "custom|arc:easy": {
      "name": "arc:easy",
      "prompt_function": "arc",
      "hf_repo": "ai2_arc",
      "hf_subset": "ARC-Easy",
      "metric": [
        {
          "metric_name": "acc_norm",
          "higher_is_better": true,
          "category": "8",
          "use_case": "1",
          "sample_level_fn": "compute",
          "corpus_level_fn": "mean"
        }
      ],
      "hf_revision": "210d026faf9955653af8916fad021475a3f00453",
      "hf_filter": null,
      "hf_avail_splits": [
        "train",
        "validation",
        "test"
      ],
      "trust_dataset": false,
      "evaluation_splits": [
        "test"
      ],
      "few_shots_split": null,
      "few_shots_select": null,
      "generation_size": null,
      "generation_grammar": null,
      "stop_sequence": null,
      "output_regex": null,
      "num_samples": null,
      "suite": [
        "custom"
      ],
      "original_num_docs": 2376,
      "effective_num_docs": 2376,
      "must_remove_duplicate_docs": false,
      "version": 0,
      "frozen": false
    },
    "custom|hellaswag": {
      "name": "hellaswag",
      "prompt_function": "prompt_hellaswag",
      "hf_repo": "Rowan/hellaswag",
      "hf_subset": "default",
      "metric": [
        {
          "metric_name": "acc_norm",
          "higher_is_better": true,
          "category": "8",
          "use_case": "1",
          "sample_level_fn": "compute",
          "corpus_level_fn": "mean"
        }
      ],
      "hf_revision": "6002345709e0801764318f06bf06ce1e7d1a1fe3",
      "hf_filter": null,
      "hf_avail_splits": [
        "train",
        "validation",
        "test"
      ],
      "trust_dataset": true,
      "evaluation_splits": [
        "validation"
      ],
      "few_shots_split": null,
      "few_shots_select": null,
      "generation_size": null,
      "generation_grammar": null,
      "stop_sequence": null,
      "output_regex": null,
      "num_samples": null,
      "suite": [
        "custom"
      ],
      "original_num_docs": 10042,
      "effective_num_docs": 10042,
      "must_remove_duplicate_docs": false,
      "version": 0,
      "frozen": false
    },
    "custom|mmlu": {
      "name": "mmlu",
      "prompt_function": "mmlu_cloze_prompt",
      "hf_repo": "cais/mmlu",
      "hf_subset": "all",
      "metric": [
        {
          "metric_name": "acc_norm",
          "higher_is_better": true,
          "category": "8",
          "use_case": "1",
          "sample_level_fn": "compute",
          "corpus_level_fn": "mean"
        }
      ],
      "hf_revision": "c30699e8356da336a370243923dbaf21066bb9fe",
      "hf_filter": null,
      "hf_avail_splits": [
        "test"
      ],
      "trust_dataset": false,
      "evaluation_splits": [
        "test"
      ],
      "few_shots_split": null,
      "few_shots_select": null,
      "generation_size": -1,
      "generation_grammar": null,
      "stop_sequence": null,
      "output_regex": null,
      "num_samples": null,
      "suite": [
        "custom"
      ],
      "original_num_docs": 14042,
      "effective_num_docs": 14042,
      "must_remove_duplicate_docs": false,
      "version": 0,
      "frozen": false
    },
    "custom|openbook_qa": {
      "name": "openbook_qa",
      "prompt_function": "openbookqa",
      "hf_repo": "allenai/openbookqa",
      "hf_subset": "main",
      "metric": [
        {
          "metric_name": "acc_norm",
          "higher_is_better": true,
          "category": "8",
          "use_case": "1",
          "sample_level_fn": "compute",
          "corpus_level_fn": "mean"
        }
      ],
      "hf_revision": "388097ea7776314e93a529163e0fea805b8a6454",
      "hf_filter": null,
      "hf_avail_splits": [
        "train",
        "validation",
        "test"
      ],
      "trust_dataset": false,
      "evaluation_splits": [
        "validation"
      ],
      "few_shots_split": null,
      "few_shots_select": null,
      "generation_size": null,
      "generation_grammar": null,
      "stop_sequence": null,
      "output_regex": null,
      "num_samples": null,
      "suite": [
        "custom"
      ],
      "original_num_docs": 500,
      "effective_num_docs": 500,
      "must_remove_duplicate_docs": false,
      "version": 0,
      "frozen": false
    },
    "custom|piqa": {
      "name": "piqa",
      "prompt_function": "piqa_harness",
      "hf_repo": "ybisk/piqa",
      "hf_subset": "plain_text",
      "metric": [
        {
          "metric_name": "acc_norm",
          "higher_is_better": true,
          "category": "8",
          "use_case": "1",
          "sample_level_fn": "compute",
          "corpus_level_fn": "mean"
        }
      ],
      "hf_revision": "2e8ac2dffd59bac8c3c6714948f4c551a0848bb0",
      "hf_filter": null,
      "hf_avail_splits": [
        "train",
        "validation",
        "test"
      ],
      "trust_dataset": true,